metric,value
accuracy,0.8095238095238095
f1_score,0.627906976744186
